timestamp_ns,cam_id,corner_x,corner_y,corner_id,radius
1738865049959498752,1,390.06,417.596,96,2.44389
1738865049959498752,1,388.836,361.75,100,2.79209
1738865049959498752,1,323.501,399.599,120,2.18345
1738865049959498752,1,317.75,344.327,124,2.50763
1738865049959498752,1,313.815,278.327,128,2.93256
1738865050026173440,1,396.128,363.866,100,2.80596
1738865050026173440,1,330.997,402.941,120,2.18925
1738865050026173440,1,324.479,347.263,124,2.54608
1738865050026173440,1,319.782,281.394,128,2.9853
1738865020759565312,1,445.467,1205.95,17,2.14877
1738865020759565312,1,375.091,1180.25,45,2
1738865020759565312,1,348.423,1346.69,57,2.61025
1738865020759565312,1,284.579,1359.46,81,2.37323
1738865020759565312,1,276.064,1301.81,85,2.0025
1738865020759565312,1,226.802,1367.62,105,2.0434
1738865047159448576,1,61.7823,490.131,28,2.71568
1738865048959493120,1,274.059,402.885,76,2.85034
1738865048959493120,1,177.478,137.576,110,3.03511
1738865048959493120,1,145.528,290.206,128,2.27981
1738865067492758528,1,397.214,220.704,128,2.77425
1738865021026227200,1,393.971,1204.72,17,2.09131
1738865021026227200,1,348.188,1271.95,37,2.34574
1738865021026227200,1,301.838,1346.27,57,2.57183
1738865021026227200,1,287.191,1288.43,61,2.17864
1738865021026227200,1,241.393,1358.93,81,2.36953
1738865021026227200,1,231.165,1300.83,85,2.00584
1738865049292837888,1,266.864,425.016,96,2.22714
1738865049292837888,1,270.298,299.779,104,3.1968
1738865049292837888,1,203.242,348.661,124,2.35294
1738865050826118144,1,319.625,40.6977,138,3.83034
1738865051226125312,1,464.035,387.304,120,2.34064
1738865050159461376,1,344.379,410.668,120,2.19149
1738865050159461376,1,336.668,355.299,124,2.59112
1738865050159461376,1,330.554,289.16,128,3.03734
1738865026826259456,1,80.916,601.302,117,2.88261
1738865049426168832,1,290.212,427.458,96,2.23304
1738865049426168832,1,289.161,370.967,100,2.71324
1738865049426168832,1,291.117,302.625,104,3.13162
1738865049426168832,1,228.301,408.942,120,2.08244
1738865049426168832,1,221.278,284.851,128,2.82214
1738865055092763648,1,1871.76,411.053,33,3.47643
1738865021559565312,1,326.463,1226.33,13,2.40709
1738865021559565312,1,308.552,1178.28,17,2.00668
1738865021559565312,1,285.342,1304.62,33,2.63605
1738865021559565312,1,266.381,1246.86,37,2.26206
1738865021559565312,1,247.508,1389.85,53,2.4169
1738865067226098688,1,444.027,315.422,124,2.51439
1738865067226098688,1,432.119,253.41,128,2.8815
1738865020692900864,1,387.632,1182.57,45,2
1738865020692900864,1,360.6,1348.63,57,2.61065
1738865020692900864,1,347.35,1291.5,61,2.30388
1738865020692900864,1,296.585,1361.37,81,2.41579
1738865020692900864,1,287.786,1303.64,85,2.06888
1738865048359545856,1,160.517,396.868,76,2.65081
1738865048359545856,1,100.095,372.681,100,2.29124
1738865048359545856,1,60.9472,301.18,102,2.29124
1738865038626184192,1,1694.74,119.786,113,4.97378
1738865048759491584,1,245.398,398.39,76,2.85402
1738865048759491584,1,121.079,353.088,124,2.20968
1738865049492814848,1,372.963,446.671,72,2.47295
1738865049492814848,1,377.916,391.428,76,2.9987
1738865049492814848,1,306.113,301.354,104,3.25557
1738865049492814848,1,243.532,407.709,120,2.01187
1738865049492814848,1,237.632,351.059,124,2.43176
1738865049492814848,1,235.081,284.039,128,2.80547
1738865004826164224,1,1635.51,1487,44,2
1738865068026100736,1,447.318,286.369,76,2.88912
1738865068026100736,1,374.805,264.82,100,2.57984
1738865068026100736,1,309.463,248.767,124,2.28757
1738865068026100736,1,305.911,185.805,128,2.58447
1738865048292820992,1,152.138,399.126,76,2.66225
1738865048292820992,1,53.908,301.306,102,2
1738865048492845056,1,239.462,483.218,48,2.3736
1738865048492845056,1,181.103,400.8,76,2.71826
1738865021359532032,1,358.195,1234.93,13,2.43651
1738865021359532032,1,340.111,1186.99,17,2.07206
1738865021359532032,1,316.021,1312,33,2.70847
1738865021359532032,1,297.094,1255.21,37,2.27755
1738865021359532032,1,275.815,1397.32,53,2.91523
1738865021359532032,1,253.573,1330.76,57,2.52892
1738865056626173952,1,1723.1,148.324,137,4.762
1738865047559497728,1,65.8759,284.918,58,2.74818
1738865048692824064,1,229.558,397.553,76,2.72088
1738865048692824064,1,169.075,303.253,104,2.91536
1738865019959597056,1,475.144,1348.3,57,2.6354
1738865019959597056,1,413.713,1422.85,77,2.80508
1738865019959597056,1,404.586,1359.41,81,2.36568
1738865019959597056,1,399.326,1303.4,85,2.20667
1738865019959597056,1,397.229,1209.97,93,2
1738865019959597056,1,343.702,1426.95,101,2.53557
1738865019959597056,1,339.591,1365.62,105,2.28533
1738865019959597056,1,343.288,1218.38,117,2
1738865022159566848,1,229.771,1287.64,9,2.67262
1738865022159566848,1,151.721,1254.93,37,2.14447
1738865024692910080,1,71.4299,980.986,16,3.03984
1738865050559510528,1,438.53,414.141,96,2.47269
1738865050559510528,1,369.53,399.368,120,2.20517
1738865050559510528,1,361.544,344.398,124,2.59968
1738865050559510528,1,354.583,279.405,128,3.00187
1738865019359623168,1,536.283,1211.65,93,2
1738865019359623168,1,473.052,1263.28,113,2
1738865019359623168,1,406.918,1315.54,133,2
1738865019359623168,1,415.276,1268.48,137,2
1738865027226210304,1,154.08,632.661,141,2.75457
1738865044026167296,1,81.9801,776.773,72,3.16108
1738865044026167296,1,78.3505,687.577,76,3.5462
1738865019692912640,1,516.086,1201.98,69,2
1738865019692912640,1,458.285,1305.97,85,2.27763
1738865019692912640,1,456.591,1256.89,89,2.02037
1738865019692912640,1,396.359,1430.02,101,2.62619
1738865019692912640,1,393.672,1368.6,105,2.3952
1738865019692912640,1,394.589,1313.62,109,2.0831
1738865019692912640,1,397.793,1264.39,113,2
1738865019692912640,1,342.677,1269.38,137,2
1738865050092834816,1,330.437,353.176,124,2.5214
1738865050092834816,1,324.678,287.407,128,2.98288
1738865049759526912,1,413.858,444.427,72,2.53948
1738865049759526912,1,342.773,367.395,100,2.77481
1738865049759526912,1,274.135,350.139,124,2.49725
1738865049759526912,1,270.441,283.173,128,2.83915
1738865049759526912,1,270.855,204.23,132,3.36955
1738865067559448576,1,454.784,232.073,104,3.17974
1738865067559448576,1,395.229,335.998,120,2.02312
1738865067559448576,1,373.582,146.514,132,3.16929
1738865019492954112,1,443.559,1316.52,109,2.1256
1738865019492954112,1,447.501,1267.56,113,2
1738865019492954112,1,452.19,1224.56,117,2
1738865019492954112,1,374.549,1431.55,125,2.25991
1738865019492954112,1,377.53,1373.29,129,2.12127
1738865019492954112,1,350.763,1268.23,143,2
1738865047892828160,1,95.9985,398.219,76,2.5919
1738865045159518208,1,75.6179,456.433,48,2.82634
1738865020359565312,1,502.121,1159.95,21,2
1738865020359565312,1,451.511,1218.58,41,2.1397
1738865020359565312,1,389.995,1232.82,65,2.00927
1738865020359565312,1,341.066,1351.36,81,2.42504
1738865020359565312,1,334.82,1293.95,85,2.13487
1738865020359565312,1,330.816,1199.76,93,2
1738865020359565312,1,286.478,1420.24,101,2.51404
1738865020359565312,1,279.973,1357.98,105,2.16257
1738865020359565312,1,223.921,1360.32,129,2
1738865049026150400,1,215.23,376.201,100,2.56134
1738865049026150400,1,218.696,307.114,104,3.12536
1738865049026150400,1,154.519,287.518,128,2.57744
1738865049026150400,1,114.762,214.776,130,2.57744
1738865027159572480,1,100.087,711.718,137,2.67547
1738865027159572480,1,129.824,630.151,141,2.77047
1738865049626165248,1,325.52,420.311,96,2.30304
1738865049626165248,1,324.943,364.602,100,2.75197
1738865049626165248,1,262.81,403.192,120,2.10957
1738865049626165248,1,257.629,346.583,124,2.4814
1738865049626165248,1,254.19,279.794,128,2.83577
1738865049626165248,1,255.888,201.575,132,3.12957
1738865049626165248,1,211.917,126.446,134,3.12957
1738865021226221568,1,364.846,1198.29,17,2.01963
1738865021226221568,1,340.633,1322.84,33,2.75509
1738865021226221568,1,321.32,1266.41,37,2.32111
1738865021226221568,1,299.168,1406.99,53,2.90709
1738865021226221568,1,262.377,1282.97,61,2.16536
1738865021226221568,1,219.12,1354.84,81,2.21545
1738865019759584768,1,506.34,1250.49,65,2.10345
1738865019759584768,1,502.346,1206.53,69,2
1738865019759584768,1,450.735,1368.25,81,2.58485
1738865019759584768,1,445.708,1312.06,85,2.26014
1738865019759584768,1,444.083,1218.71,93,2
1738865019759584768,1,386.709,1436.04,101,2.64717
1738865019759584768,1,383.013,1374.83,105,2.32233
1738865019759584768,1,382.909,1319.98,109,2.06331
1738865019759584768,1,385.759,1269.97,113,2
1738865019759584768,1,321.067,1435.82,125,2.31063
1738865019759584768,1,321.852,1377.32,129,2.06014
1738865019759584768,1,291.859,1271.19,143,2
1738865055026128384,1,1910.26,513.652,5,2.41033
1738865044092855808,1,125.118,807.422,48,3.34518
1738865019626235392,1,597.184,1188.11,45,2
1738865019626235392,1,544.873,1294.44,61,2.54496
1738865019626235392,1,475.482,1306.02,85,2.2264
1738865019626235392,1,475.02,1256.57,89,2.01949
1738865019626235392,1,410.018,1367.86,105,2.39512
1738865019626235392,1,411.492,1313.52,109,2.02551
1738865019626235392,1,415.261,1264.41,113,2
1738865019626235392,1,347.434,1369.51,129,2.08186
1738865019626235392,1,352.571,1316.47,133,2
1738865019626235392,1,367.296,1226.94,141,2
1738865067692770816,1,422.963,348.8,96,2.2843
1738865067692770816,1,419.717,294.764,100,2.67805
1738865067692770816,1,359.06,333.26,120,2.07172
1738865067692770816,1,303.507,281.671,122,2.07172
1738865067692770816,1,351.141,279.778,124,2.4433
1738865049826182656,1,430.879,443.815,72,2.55229
1738865049826182656,1,359.355,367.075,100,2.83863
1738865049826182656,1,360.705,299.451,104,3.3227
1738865049826182656,1,296.245,405.112,120,2.09642
1738865049826182656,1,290.322,349.28,124,2.45074
1738865049826182656,1,286.237,282.594,128,2.86454
1738865049826182656,1,286.363,204.134,132,3.40701
1738865045759477248,1,93.3793,434.699,28,2.97658
1738865019559577088,1,493.01,1214.17,93,2
1738865019559577088,1,428.402,1314.47,109,2.0856
1738865019559577088,1,432.146,1265.73,113,2
1738865019559577088,1,360.131,1429.36,125,2.35043
1738865019559577088,1,363.526,1371.14,129,2.12096
1738865019559577088,1,369.225,1317.89,133,2
1738865020026254848,1,556.6,1157.29,21,2
1738865020026254848,1,503.593,1214.99,41,2.10513
1738865020026254848,1,384.951,1345.4,81,2.48607
1738865020026254848,1,380.507,1288.36,85,2.20172
1738865020026254848,1,324.317,1412.59,101,2.55789
1738865020026254848,1,262.413,1411.54,125,2
1738865020026254848,1,220.563,1458.7,127,2
1738865070292760064,1,154.656,303.505,24,2.13336
1738865050692793856,1,460.566,404.178,96,2.4513
1738865050692793856,1,390.607,389.507,120,2.24251
1738865050692793856,1,382.308,335.199,124,2.61023
1738865050692793856,1,375.503,270.606,128,2.98238
1738865019892905472,1,593.142,1179.2,21,2
1738865019892905472,1,484.094,1303.1,61,2.31956
1738865019892905472,1,433.944,1434.61,77,2.92627
1738865019892905472,1,418.352,1315.45,85,2.22706
1738865019892905472,1,363.533,1440.38,101,2.58243
1738865019892905472,1,299.784,1440.63,125,2.21694
1738865019892905472,1,299.471,1381.78,129,2.002
1738865020092929536,1,433.074,1273.23,61,2.32736
1738865020092929536,1,427.205,1223.41,65,2.05269
1738865020092929536,1,423.609,1179.81,69,2
1738865020092929536,1,372.682,1340.31,81,2.48751
1738865020092929536,1,368.298,1283.69,85,2.17965
1738865020092929536,1,367.94,1189.6,93,2
1738865020092929536,1,312.42,1407.65,101,2.53697
1738865020092929536,1,308.815,1345.49,105,2.26677
1738865020092929536,1,308.817,1289.45,109,2
1738865020092929536,1,314.54,1197.12,117,2
1738865018959697408,1,490.545,1238.33,137,2
1738865018959697408,1,502.345,1196.97,141,2
1738865021159566848,1,331.392,1272.11,37,2.34461
1738865021159566848,1,286.816,1347.25,57,2.54239
1738865021159566848,1,228.315,1360.64,81,2.30141
1738865021759565312,1,288.384,1518.12,27,3.26832
1738865021759565312,1,240.485,1295.65,33,2.59526
1738865021759565312,1,221.222,1237.76,37,2.18525
1738865021759565312,1,182.478,1313.76,57,2.22116
1738865062292770304,1,1540.84,15.7468,109,4.22088
1738865020492910080,1,490.541,1199.54,17,2.20374
1738865020492910080,1,477.262,1157.85,21,2
1738865020492910080,1,427.328,1216.78,41,2.08013
1738865020492910080,1,385.298,1338.7,57,2.69695
1738865020492910080,1,373.974,1281.04,61,2.34344
1738865020492910080,1,331.556,1414.79,77,2.7729
1738865020492910080,1,319.585,1350.1,81,2.44097
1738865020492910080,1,312.96,1292.73,85,2.11742
1738865020492910080,1,309.226,1241.76,89,2
1738865020492910080,1,259.153,1356.4,105,2.16303
1738865020492910080,1,255.705,1300.47,109,2
1738865026892893696,1,106.798,604.896,117,2.97604
1738865048159522304,1,134.788,404.022,76,2.65393
1738865048159522304,1,144.723,333.864,80,3.1701
1738865048159522304,1,74.3667,438.035,96,2.024
1738865049226149376,1,325.321,392.63,76,2.85515
1738865049226149376,1,254.743,424.896,96,2.20294
1738865049226149376,1,254.883,367.856,100,2.60093
1738865049226149376,1,258.96,299.279,104,3.11613
1738865049226149376,1,192.393,279.351,128,2.7173
1738865043026148864,1,457.256,769.701,72,3.45409
1738865043092848128,1,511.031,724.187,49,3.57134
1738865043092848128,1,270.48,746.485,120,2.78341
1738865043092848128,1,246.649,577.746,128,3.5656
1738865068292791808,1,400.082,318.456,72,2.30164
1738865068292791808,1,405.876,263.501,76,2.80878
1738865068292791808,1,336.029,296.887,96,2.12321
1738865068292791808,1,336.09,241.643,100,2.56826
1738865068292791808,1,340.105,176.866,104,2.92337
1738865068292791808,1,273.941,225.117,124,2.24825
1738865068292791808,1,273.126,161.382,128,2.05781
1738865020426214912,1,491.209,1157.96,21,2
1738865020426214912,1,386.643,1280.78,61,2.33621
1738865020426214912,1,331.194,1349.33,81,2.44474
1738865020426214912,1,324.678,1291.84,85,2.13853
1738865020426214912,1,277.005,1418.2,101,2.34474
1738865020426214912,1,269.914,1355.58,105,2.19811
1738865020426214912,1,267.197,1299.55,109,2
1738865020426214912,1,214.773,1358.07,129,2
1738865068959391232,1,339.871,259.009,52,2.86606
1738865068959391232,1,264.529,284.93,72,2.10924
1738865068959391232,1,274.131,229.265,76,2.55887
1738865027092897280,1,63.5341,1234.9,99,3.89955
1738865027092897280,1,142.028,713.497,113,3.27275
1738865027092897280,1,171.37,628.781,117,3.03722
1738865027092897280,1,110.232,623.322,141,2.75672
1738865021292879360,1,328.987,1316.61,33,2.7444
1738865021292879360,1,309.943,1259.82,37,2.30345
1738865021292879360,1,287.996,1401.27,53,2.85063
1738865021292879360,1,207.812,1349.29,81,2.02135
1738865021292879360,1,178.88,1407.46,83,2.02135
1738865026092899840,1,78.8602,894.465,12,4.15755
1738865067292764672,1,506.437,378.524,96,2.37792
1738865067292764672,1,426.413,311.79,124,2.51203
1738865067292764672,1,415.214,249.504,128,2.88985
1738865021892880896,1,252.238,1222.56,13,2.32275
1738865021892880896,1,216.4,1302.69,33,2.52318
1738865069092760064,1,235.582,276.096,72,2.09745
1738865069092760064,1,245.463,220.608,76,2.56132
1738865043492825600,1,171.907,648.903,100,3.44052
1738865043492825600,1,112.93,715.113,120,2.74605
1738865043492825600,1,105.321,630.207,124,3.14018
1738865043492825600,1,114.635,214.254,138,3.8255
1738865068692761088,1,319.423,258.063,76,2.65974
1738865068692761088,1,306.89,25.1178,86,3.02242
1738865068692761088,1,256.163,234.589,100,2.39152
1738865043159517696,1,216.347,571.79,128,3.51534
1738865026959575552,1,98.5125,694.993,113,3.3828
1738865026959575552,1,129.069,610.879,117,3.02127
1738865018892995072,1,566.38,1232.53,113,2
1738865018892995072,1,505.484,1235.7,137,2
1738865030692882944,1,1722.1,1380.52,76,4.73039
1738865043226163712,1,204.304,651.137,124,3.23319
1738865050759453184,1,389.773,332.59,124,2.69957
1738865050759453184,1,382.573,267.817,128,2.96442
1738865068492763648,1,424.619,341.018,48,2.49092
1738865068492763648,1,358.161,314.876,72,2.27601
1738865068492763648,1,364.451,259.84,76,2.71024
1738865068492763648,1,297.846,237.211,100,2.41788
1738865068492763648,1,303.177,172.29,104,2.88871
1738865068492763648,1,237.815,218.854,124,2.10464
1738865050226176512,1,341.304,353.765,124,2.58394
1738865067626082816,1,432.623,301.109,100,2.69294
1738865067626082816,1,371.524,340.174,120,2.04847
1738865067626082816,1,363.352,287.266,124,2.36316
1738865067626082816,1,355.318,223.662,128,2.73764
1738865067626082816,1,350.424,150.626,132,3.18444
1738865069692776960,1,225.33,229.185,48,2.13481
1738865051026158080,1,427.773,336.198,124,2.65651
1738865050492793344,1,428.967,362.248,100,2.8255
1738865050492793344,1,362.684,402.638,120,2.25455
1738865050492793344,1,354.717,347.29,124,2.53543
1738865050492793344,1,348.468,282.516,128,3.01728
1738865048226152960,1,155.368,416.863,50,2.39252
1738865048226152960,1,144.124,398.862,76,2.66983
1738865069159399936,1,281.665,297.31,48,2.31565
1738865069159399936,1,233.252,214.395,76,2.52288
1738865069159399936,1,137.183,187.568,98,2
1738865050359480832,1,347.629,351.335,124,2.6075
1738865050359480832,1,341.266,286.104,128,2.93183
1738865039359492608,1,1594.61,111.959,92,5.05693
1738865062426132992,1,1807.19,262.614,49,2.37333
1738865019426275840,1,409.704,1310.1,115,2
1738865019426275840,1,466.326,1224.7,117,2
1738865019426275840,1,386.68,1431.85,125,2.3869
1738865019426275840,1,396.775,1320.61,133,2
1738865019426275840,1,404.083,1273.72,137,2
1738865019426275840,1,363.725,1268.1,143,2
1738865049692865024,1,333.248,364.899,100,2.72888
1738865049692865024,1,270.994,403.321,120,2.11406
1738865049692865024,1,265.134,347.236,124,2.46856
1738865049692865024,1,262.028,280.412,128,2.89427
1738865049692865024,1,262.8,201.476,132,3.35207
1738865043559506432,1,94.059,653.79,98,2.88862
1738865043559506432,1,146.639,650.464,100,3.39986
1738865043559506432,1,88.8133,716.656,120,2.77927
1738865043559506432,1,80.9859,535.157,128,3.36698
1738865068559426048,1,346.36,260.079,76,2.65396
1738865068559426048,1,280.946,237.139,100,2.36735
1738865068559426048,1,286.737,171.215,104,2.81533
1738865068559426048,1,222.204,218.996,124,2.14237
1738865027426214400,1,236.112,634.545,141,2.55824
1738865021092918016,1,384.671,1205.71,17,2.12565
1738865021092918016,1,339.887,1273.33,37,2.32638
1738865021092918016,1,294.581,1348.06,57,2.59623
1738865021092918016,1,235.234,1361.49,81,2.33187
1738865048092873472,1,124.469,407.524,76,2.63099
1738865020226245376,1,465.663,1175.17,45,2
1738865020226245376,1,429.568,1339.08,57,2.79635
1738865020226245376,1,418.585,1282.24,61,2.40744
1738865020226245376,1,407.372,1188.46,69,2
1738865020226245376,1,361.252,1350.28,81,2.49898
1738865020226245376,1,355.532,1293.34,85,2.13192
1738865020226245376,1,353.218,1242.91,89,2
1738865020226245376,1,300.053,1208.08,117,2
1738865048826172160,1,257.333,401.07,76,2.82189
1738865048826172160,1,190.417,376.601,100,2.55663
1738865048826172160,1,194.737,306.785,104,3.03937
1738865048426173184,1,170.518,396.174,76,2.72175
1738865048426173184,1,109.181,371.797,100,2.48235
1738865069826102016,1,255.089,257.384,24,2.27353
1738865069826102016,1,199.464,225.448,48,2.14814
1738865050426172160,1,344.485,283.481,128,3.05598
1738865019292967680,1,548.601,1203.31,93,2
1738865019292967680,1,483.59,1254.09,113,2
1738865019292967680,1,400.178,1416.31,125,2.37966
1738865019292967680,1,415.597,1305.39,133,2
1738865019292967680,1,425.105,1258.53,137,2
1738865019292967680,1,434.261,1216.85,141,2
1738865069626090240,1,237.33,232.661,48,2.18745
1738865069626090240,1,255.27,179.67,52,2.32035
1738865043426149120,1,206.119,732.284,96,3.05515
1738865043426149120,1,140.92,714.335,120,2.81668
1738865068759417600,1,374.438,280.718,52,2.8873
1738865068759417600,1,305.288,252.444,76,2.55474
1738865068759417600,1,242.525,228.492,100,2.30809
1738865020959589120,1,402.373,1204.54,17,2.16596
1738865020959589120,1,355.569,1271.41,37,2.38266
1738865020959589120,1,342.388,1221.82,41,2.0207
1738865020959589120,1,327.873,1410.56,53,3.00931
1738865020959589120,1,308.182,1344.71,57,2.54821
1738865020959589120,1,294.155,1286.91,61,2.22229
1738865020959589120,1,246.463,1356.76,81,2.2989
1738865020959589120,1,236.694,1299.2,85,2.03658
1738865047492803328,1,70.4446,452.878,52,2.62442
1738865070026111744,1,214.746,268.846,24,2.20422
1738865070026111744,1,236.936,218.225,28,2.68529
1738865019092990720,1,454.523,1294.57,133,2
1738865021492886272,1,318.117,1182.18,17,2.01915
1738865021492886272,1,295.248,1307.97,33,2.70369
1738865021492886272,1,275.913,1250.55,37,2.20671
1738865021492886272,1,234.232,1327.07,57,2.5008
1738865021692902144,1,319.455,1273.2,9,2.77698
1738865021692902144,1,296.347,1217.6,13,2.35372
1738865021692902144,1,237.111,1237.99,37,2.20825
1738865021692902144,1,197.163,1313.56,57,2.42469
1738865019226299136,1,416.36,1347.9,129,2.1909
1738865019226299136,1,447.271,1206.86,141,2
1738865047226129152,1,160.126,478.611,5,2.87803
1738865019026332416,1,466.686,1290.89,133,2
1738865019026332416,1,478.221,1244.11,137,2
1738865019026332416,1,489.429,1202.4,141,2
1738865020626230016,1,455.36,1165.86,21,2
1738865020626230016,1,369.308,1347.6,57,2.67623
1738865020626230016,1,356.404,1290.18,61,2.32929
1738865020626230016,1,304.329,1360.54,81,2.40398
1738865020626230016,1,296.19,1302.84,85,2.05278
1738865054959471360,1,1734.24,162.216,65,4.90965
1738865067359439616,1,405.25,244.54,128,2.86219
1738865045226179328,1,77.1905,441.844,48,2.79022
1738865024559565568,1,86.8109,1030.47,16,2.92107
1738865024559565568,1,76.264,968.747,17,2.92107
1738865068359437056,1,388.124,319.323,72,2.34034
1738865068359437056,1,325.321,241.618,100,2.45522
1738865068359437056,1,330.016,176.28,104,2.91331
1738865068359437056,1,264.106,223.953,124,2.20113
1738865069759411968,1,212.372,227.655,48,2.16814
1738865042626205440,1,429.913,761.965,120,2.97762
1738865068226123520,1,412.185,321.248,72,2.37652
1738865068226123520,1,417.249,266.294,76,2.8183
1738865068226123520,1,347.15,300.558,96,2.12729
1738865068226123520,1,346.059,244.679,100,2.53069
1738865068226123520,1,349.234,180.274,104,2.98847
1738865068226123520,1,283.227,229.326,124,2.27831
1738865068226123520,1,281.38,166.1,128,2.43265
1738865068226123520,1,232.71,107.515,130,2.43265
1738865026692912896,1,99.4049,609.869,93,3.14715
1738865068626093824,1,332.076,259.084,76,2.71333
1738865068626093824,1,265.912,292.307,96,2.03823
1738865068626093824,1,268.122,236.353,100,2.36992
1738865068626093824,1,274.57,170.022,104,2.37905
1738865068626093824,1,210.519,217.822,124,2.00882
1738865054759429888,1,1878.7,431.768,9,3.40072
1738865022092887808,1,183.207,1305.68,33,2.52864
1738865020559591168,1,408.461,1177.91,45,2
1738865020559591168,1,377.461,1343.53,57,2.70024
1738865020559591168,1,365.034,1285.88,61,2.30679
1738865020559591168,1,324.682,1419.84,77,2.78141
1738865020559591168,1,311.568,1355.68,81,2.415
1738865020559591168,1,304.07,1297.91,85,2.10145
1738865020559591168,1,299.139,1203.07,93,2
1738865020559591168,1,251.927,1362.41,105,2.20195
1738865068826132224,1,347.777,327.077,48,2.42239
1738865068826132224,1,293.089,245.188,76,2.61442
1738865068826132224,1,231.664,221.74,100,2.35238
1738865047826169600,1,142.243,424.743,52,2.75608
1738865047826169600,1,153.692,172.346,62,4.0072
1738865020292923136,1,514.44,1162.02,21,2
1738865020292923136,1,363.327,1417.38,77,2.80544
1738865020292923136,1,352.115,1353.43,81,2.49367
1738865020292923136,1,345.875,1296.39,85,2.12942
1738865020292923136,1,342.191,1202.09,93,2
1738865020292923136,1,296.385,1422.36,101,2.56637
1738865020292923136,1,289.837,1359.69,105,2.21298
1738865020292923136,1,290.249,1210.92,117,2
1738865020292923136,1,233.61,1361.95,129,2
1738865067826102016,1,424.206,321.038,96,2.27453
1738865067826102016,1,423.331,267.114,100,2.6913
1738865067826102016,1,361.768,303.507,120,2.01893
1738865067826102016,1,308.946,250.41,122,2.01893
1738865067826102016,1,355.574,249.677,124,2.37074
1738865067826102016,1,300.871,190.453,126,2.37074
1738865067826102016,1,351.687,187.018,128,2.75556
1738865067826102016,1,351.086,114.096,132,2.70052
1738865063626161920,1,1767.44,203.439,9,3.49347
1738865021826211584,1,289.084,1274.12,9,2.71763
1738865021826211584,1,228.044,1296.89,33,2.62087
1738865021826211584,1,208.31,1238.71,37,2.21445
1738865021826211584,1,155.128,1255.81,61,2.05947
1738865027692863232,1,339.238,645.96,141,2.9988
1738865027292884736,1,182.084,634.822,141,2.79082
1738865021626199808,1,312.377,1221.56,13,2.37153
1738865021626199808,1,294.604,1172.98,17,2.06676
1738865021626199808,1,271.291,1299.61,33,2.6244
1738865021626199808,1,252.27,1241.87,37,2.22664
1738865069026135808,1,260.224,225.54,76,2.51018
1738865047292825344,1,91.1621,491.866,28,2.7542
1738865022026223360,1,226.564,1224.28,13,2.32029
1738865022026223360,1,172.686,1246.95,37,2.16102
1738865067959422720,1,450.301,344.497,72,2.36917
1738865067959422720,1,454.361,290.145,76,2.86514
1738865067959422720,1,381.105,268.99,100,2.57149
1738865067959422720,1,321.115,307.626,120,2.00572
1738865067959422720,1,315.669,253.65,124,2.25431
1738865067959422720,1,311.139,190.831,128,2.67273
1738865047092858624,1,307.049,46.6125,22,5.62004
1738865048026191104,1,117.435,403.543,76,2.60311
1738865048026191104,1,92.2431,246.938,82,3.02198
1738865022226240768,1,223.753,1296.88,9,2.61603
1738865022226240768,1,196.497,1241.22,13,2.22895
1738865022226240768,1,145.599,1265.92,37,2.01753
1738865050292843776,1,346.143,352.312,124,2.59279
1738865046159488256,1,70.1025,514.228,4,2.75467
1738865047959434496,1,109.869,400.97,76,2.56316
1738865069559444736,1,247.36,238.625,48,2.14744
1738865069559444736,1,264.974,185.648,52,2.6276
1738865049359512832,1,345.096,445.482,72,2.47687
1738865049359512832,1,350.419,390.306,76,2.94888
1738865049359512832,1,278.476,367.507,100,2.69831
1738865049359512832,1,281.215,299.059,104,3.19038
1738865049359512832,1,218.421,405.424,120,2.03164
1738865049359512832,1,212.449,280.613,128,2.76733
1738865070359426304,1,169.286,246.253,28,2.11143
1738865027626239232,1,310.331,647.049,141,2.97978
1738865044826187008,1,75.5335,625.878,48,3.2254
1738865044826187008,1,81.0888,542.758,52,3.8172
1738865069226108160,1,275.424,285.823,48,2.22828
1738865069226108160,1,290.282,232.679,52,2.74836
1738865069226108160,1,228.335,203.519,76,2.04174
1738865048626158848,1,208.337,399.502,76,2.77809
1738865048559508736,1,129.404,376.129,100,2.49783
1738865048559508736,1,135.372,305.73,104,2.47369
1738865068092759296,1,371.913,309.75,96,2.20643
1738865068092759296,1,371.16,254.856,100,2.60456
1738865068092759296,1,306.594,237.747,124,2.29121
1738865068092759296,1,304.011,174.431,128,2.58396
1738865067426151680,1,401.379,233.87,128,2.83863
1738865054892784896,1,1846.13,319.984,37,3.94223
1738865054892784896,1,1728.22,170.678,65,5.48053
1738865068892749056,1,284.361,236.025,76,2.57852
1738865068892749056,1,219.08,268.457,96,2.00493
1738865068892749056,1,223.533,212.14,100,2.21859
1738865068892749056,1,190.142,146.409,102,2.21859
1738865068892749056,1,134.378,193.257,122,2
1738865049559497984,1,330.304,382.74,74,2.55398
1738865049559497984,1,316.492,422.278,96,2.34668
1738865049559497984,1,315.866,366.635,100,2.72019
1738865049559497984,1,254.321,404.918,120,2.06365
1738865049559497984,1,248.6,348.302,124,2.42672
1738865049559497984,1,245.918,281.447,128,2.78635
1738865049559497984,1,248.032,202.851,132,2.92584
1738865051292843264,1,555.081,398.087,96,2.63594
1738865067892784384,1,475.235,290.126,76,2.85104
1738865067892784384,1,401.469,268.307,100,2.53664
1738865067892784384,1,402.442,203.4,104,2.94782
1738865067892784384,1,330.921,188.688,128,2.64097
1738865069292797184,1,272.973,269.01,48,2.23756
1738865069292797184,1,288.54,215.554,52,2.70865
1738865069292797184,1,282.27,66.6077,58,3.19287
1738865062759447808,1,1572.61,36.2965,85,4.66572
1738865049092836608,1,297.207,397.045,76,2.84119
1738865049092836608,1,228.271,372.8,100,2.5967
1738865049092836608,1,203.544,134.613,110,3.48713
1738865049092836608,1,166.849,283.746,128,2.66665
1738865021426240768,1,329.929,1185.22,17,2.04317
1738865021426240768,1,306.179,1311.07,33,2.68454
1738865021426240768,1,287.182,1253,37,2.29153
1738865021426240768,1,266.823,1395.86,53,2.93286
1738865021959572736,1,238.829,1225.47,13,2.27068
1738865021959572736,1,234.671,1372.71,29,2.78927
1738865021959572736,1,217.746,1448.73,31,2.78927
1738865021959572736,1,205.182,1305.89,33,2.60077
1738865021959572736,1,183.814,1246.9,37,2.14538
1738865043359468800,1,242.44,667.31,74,3.32112
1738865043359468800,1,306.272,665.042,76,3.85337
1738865043359468800,1,228.002,549.332,104,3.87499
1738865043359468800,1,164.938,710.06,120,2.78818
1738865043359468800,1,154.65,533.111,128,3.37379
1738865050626190592,1,448.692,409.936,96,2.4199
1738865050626190592,1,379.711,395.726,120,2.27648
1738865050626190592,1,371.408,340.778,124,2.61544
1738865050626190592,1,364.352,276.091,128,2.94815
1738865068426079488,1,374.319,317.091,72,2.36645
1738865068426079488,1,380.435,261.905,76,2.75592
1738865068426079488,1,312.589,238.963,100,2.49431
1738865068426079488,1,317.854,174.046,104,2.91318
1738865068426079488,1,252.372,221.279,124,2.13302
1738865049892826368,1,376.622,417.894,96,2.29353
1738865049892826368,1,376.07,362.366,100,2.78777
1738865049892826368,1,311.557,400.229,120,2.13076
1738865049892826368,1,305.684,344.48,124,2.47542
1738865049892826368,1,301.846,278.188,128,2.86084
1738865049892826368,1,302.154,200.457,132,3.34887
1738865019826220288,1,547.228,1196.93,45,2
1738865019826220288,1,438.809,1373.49,81,2.52238
1738865019826220288,1,432.778,1317.2,85,2.23104
1738865019826220288,1,430.399,1267.12,89,2
1738865019826220288,1,429.978,1223.41,93,2
1738865019826220288,1,372.127,1380.73,105,2.32337
1738865019826220288,1,371.761,1325.11,109,2.04722
1738865019826220288,1,372.835,1275.98,113,2
1738865019826220288,1,312.344,1442.26,125,2.27321
1738865019826220288,1,311.796,1383.54,129,2.05744
1738865019826220288,1,314.998,1329.92,133,2
1738865045826181376,1,75.4752,446.743,28,2.88218
1738865045826181376,1,75.7535,278.306,34,3.29385
1738865019159656704,1,577.769,1194.48,93,2
1738865019159656704,1,441.322,1294.65,133,2
1738865019159656704,1,451.747,1248.33,137,2
1738865019159656704,1,462.206,1206.73,141,2
1738865019159656704,1,410.229,1241.46,143,2
1738865020892920064,1,338.791,1409.94,53,2.9906
1738865020892920064,1,319.464,1344.82,57,2.59982
1738865020892920064,1,306.17,1286.84,61,2.19975
1738865020892920064,1,257.338,1356.62,81,2.33781
1738865020892920064,1,247.838,1298.99,85,2.05224
1738865062826129664,1,1711.22,126.852,57,3.43224
1738865070226147584,1,162.164,306.531,24,2.18584
1738865020826233088,1,353.365,1410.88,53,3.03756
1738865020826233088,1,333.648,1345.89,57,2.57488
1738865020826233088,1,320.522,1288.72,61,2.29149
1738865020826233088,1,305.663,1192.95,69,2
1738865020826233088,1,285.969,1423.02,77,2.62859
1738865020826233088,1,270.836,1358.2,81,2.36138
1738865020826233088,1,262.514,1300.36,85,2.03775
1738865049159526656,1,312.761,394.588,76,2.8161
1738865049159526656,1,247.429,301.753,104,3.0925
1738865049159526656,1,181.728,281.706,128,2.68713
1738865005092806912,1,1587.13,1519.62,68,2
1738865068159426816,1,360.055,301.31,96,2.17675
1738865068159426816,1,359.422,246.409,100,2.60848
1738865068159426816,1,295.885,230.066,124,2.3011
1738865068159426816,1,293.518,166.805,128,2.58489
1738865020159574272,1,434.616,1332.48,57,2.75252
1738865020159574272,1,418.163,1225.72,65,2.03936
1738865020159574272,1,414.14,1181.78,69,2
1738865020159574272,1,365.485,1343.29,81,2.54623
1738865020159574272,1,360.642,1286.29,85,2.16561
1738865020159574272,1,306.803,1411.24,101,2.58279
1738865020159574272,1,302.009,1348.87,105,2.26586
1738865020159574272,1,303.088,1243.49,113,2
1738865020159574272,1,306.091,1199.79,117,2
1738865020159574272,1,244.892,1350.55,129,2
1738865027026211072,1,151.277,616.93,117,2.99958
1738865067759448320,1,423.673,280.547,100,2.71623
1738865067759448320,1,362.969,318.716,120,2.05366
1738865067759448320,1,349.397,201.687,128,2.7001
1738865067759448320,1,346.876,129.136,132,3.03782
1738865045292855552,1,69.5569,435.085,48,2.46799
1738865048892862720,1,261.177,457.463,72,2.32882
1738865059626157056,2,1731.83,90.365,21,3.43257
1738865033159541760,2,1629.84,1418.4,49,3.53562
1738865057959496704,2,1645.45,646.704,3,2
1738865057959496704,2,1584.5,641.581,27,2
1738865018626378752,2,275.492,1296.58,62,2.04194
1738865064492772352,2,551.983,105.719,114,4.18306
1738865042026159104,2,369.209,452.69,38,4.61783
1738865058759457792,2,1750.84,559.061,3,2
1738865058759457792,2,1765.61,512.214,7,2
1738865058759457792,2,1704.85,506.811,31,2.17508
1738865058692786176,2,1772.57,540.12,7,2.00227
1738865058692786176,2,1700.4,581.7,27,2
1738865007892862976,2,1611.99,1378.01,15,2
1738865019359623168,2,317.31,1433.8,35,2.63013
1738865008959664128,2,1706.62,1314.12,65,2
1738865040826216448,2,420.639,305.02,119,4.39588
1738865008692969472,2,1755.05,1363.8,13,2
1738865008692969472,2,1719.49,1365.55,19,2
1738865008692969472,2,1650.56,1425.54,39,2
1738865008692969472,2,1613.46,1375.63,67,2
1738865036092851712,2,1860.4,758.478,51,2.72752
1738865018826360320,2,263.238,1214.98,47,2
1738865009226356224,2,1733.68,1341.63,38,2
1738865009226356224,2,1714.6,1385.57,39,2
1738865009226356224,2,1699.21,1397.82,57,2.09863
1738865009226356224,2,1506.5,1406.65,128,2.29342
1738865009226356224,2,1524.5,1306.91,134,2.01799
1738865009293041152,2,1750.9,1303.3,38,2
1738865009293041152,2,1700.35,1302.98,62,2
1738865009293041152,2,1683.18,1347.52,63,2
1738865009293041152,2,1567.65,1222.92,143,2
1738865010026392064,2,1775.67,1145.25,19,2
1738865058826127872,2,1741.68,531.567,3,2
1738865058826127872,2,1684.36,526.053,27,2
1738865008759654912,2,1720.27,1375.41,37,2
1738865008759654912,2,1683.61,1334.96,65,2
1738865042292886016,2,163.333,640.179,54,3.21867
1738865008559634944,2,1670.46,1456.28,11,2
1738865008559634944,2,1702.6,1351.1,19,2
1738865008559634944,2,1649.46,1358.27,43,2
1738865008426260992,2,1692.69,1345.89,19,2
1738865008426260992,2,1624.74,1405.7,39,2
1738865009493072384,2,1722.46,1440.02,28,2.37881
1738865009493072384,2,1696.48,1313.46,63,2
1738865064759456256,2,414.121,324.529,126,2.33371
1738865042559554048,2,169.333,640.892,30,3.60573
1738865009026364160,2,1754.12,1317.82,41,2
1738865009026364160,2,1708.43,1321.19,65,2
1738865040492851968,2,406.786,343.532,138,3.76591
1738865009626407680,2,1764.81,1231.25,38,2
1738865009159693056,2,1700,1464.98,32,2
1738865009159693056,2,1663.97,1471.63,35,2
1738865009159693056,2,1697.6,1413.65,39,2
1738865009159693056,2,1646.71,1411.54,63,2
1738865009159693056,2,1637.91,1315.09,90,2
1738865009693080320,2,1715.84,1197.08,67,2
1738865017959725824,2,276.289,1285.68,110,2
1738865007626181376,2,1581.33,1429.8,6,2.47568
1738865017559706368,2,277.243,1265.42,139,2
1738865018359728896,2,358.79,1474,79,2.46114
1738865000559515392,2,494.502,1453.12,45,2
1738865008092878592,2,1685.79,1286.6,17,2
1738865008092878592,2,1644.08,1287.21,23,2
1738865051626153728,2,385.233,404.11,11,2.99766
1738865051626153728,2,486.18,156.426,42,4.04572
1738865008226256640,2,1668.86,1291.46,23,2
1738865008226256640,2,1600.53,1395.08,39,2
1738865053226141440,2,421.58,300.679,111,3.65048
1738865066559446784,2,369.792,450.547,2,2
1738865008492965632,2,1668.14,1451.26,11,2.05943
1738865008492965632,2,1686.33,1396.47,15,2
1738865008826316032,2,1730.14,1365.51,37,2
1738865008826316032,2,1693.48,1362.15,43,2
1738865008292922624,2,1621.35,1501.87,28,2.46259
1738865008292922624,2,1615.71,1314.8,65,2
1738865009359740160,2,1751.35,1281.41,61,2
1738865009359740160,2,1728.73,1220.78,71,2
1738865008159546624,2,1685.16,1430.03,5,2
1738865008159546624,2,1643.71,1341.73,37,2
1738865065092790528,2,453.27,160.072,110,3.05842
1738865034292865280,2,1472.34,1424.08,124,4.2812
1738865034292865280,2,1536.39,1360.37,125,4.2812
1738865008626303232,2,1746.22,1357.76,13,2
1738865008626303232,2,1707.48,1324.11,41,2
1738865008626303232,2,1657.31,1367.09,43,2
1738865042492870912,2,335.718,468.638,14,3.92161
1738865064892788992,2,399.893,368.461,122,2.09258
1738865002559489024,0,302.575,151.818,20,2
1738865023426216960,0,1475.82,363.408,97,2.15755
1738865023426216960,0,1466.19,416.979,101,2
1738864997092836352,0,1477.59,181.655,125,2
1738864997092836352,0,1453.34,217.339,129,2
1738864997826167808,0,1419.42,160.706,125,2
1738865025026221056,0,1408.56,551.979,97,2.84285
1738865046559532032,0,1513.89,1343.16,141,2.37081
1738865025892918272,0,1299.79,869.14,92,2
1738865025892918272,0,1285.99,908.817,93,2
1738865046826177536,0,1469.56,1168.35,136,2.69611
1738864996759507968,0,1151.28,86.2866,4,2.08767
1738864996759507968,0,1451.43,99.2453,97,2.17187
1738864996759507968,0,1432.46,142.433,101,2
1738864996759507968,0,1414.1,182.111,105,2
1738865050826118144,0,449.575,1207.46,13,3.8749
1738864996226184192,0,1152.62,92.3026,4,2.10496
1738865051226125312,0,416.255,1157.35,9,2.78344
1738865015293107200,0,276.134,207.575,105,2.18004
1738865023492889600,0,1343.17,471.891,57,2
1738865023492889600,0,1404.22,412.376,77,2.03961
1738865023492889600,0,1519.16,356.796,124,2
1738865023492889600,0,1510.39,397.819,125,2
1738864996626188288,0,1150.34,85.965,4,2.02922
1738864996626188288,0,1450.53,96.5138,97,2.17705
1738864996626188288,0,1431.83,140.291,101,2
1738864996626188288,0,1413.63,179.546,105,2
1738865042226169856,0,271.506,953.851,9,3.68216
1738865024092903424,0,1290.78,536.709,61,2
1738865024092903424,0,1331.79,573.246,89,2
1738865024092903424,0,1319.12,607.23,93,2
1738865024092903424,0,1431.48,438.335,101,2.13638
1738865024092903424,0,1395.95,533.392,109,2
1738865024092903424,0,1519.83,342.055,120,2
1738865024092903424,0,1484.95,442.301,125,2
1738864997159491584,0,1472.73,183.019,125,2
1738865025092890624,0,1310.43,722.529,58,2.83668
1738865025092890624,0,1340.39,651.836,77,2.36182
1738865024892891136,0,1290.7,708.401,85,2.37253
1738865019492954112,0,985.181,393.57,135,2
1738865065692766208,0,455.105,1221.55,80,3.21609
1738865024159580160,0,1378.48,539.202,109,2
1738865071159436800,0,1424.72,1186.72,128,2
1738864999892788736,0,1104.46,113.366,111,2
1738865044092855808,0,1137.22,776.368,96,2
1738865044092855808,0,1193.21,785.003,120,2
1738864997426181632,0,1475.58,144.428,121,2
1738864997426181632,0,1540.75,138.349,123,2
1738864996426167808,0,1433.3,142.709,101,2
1738865047026177536,0,1320.77,1032.61,104,2.26101
1738865052159495680,0,560.328,1507.52,69,5.79972
1738865029426191872,0,298.004,248.382,73,4.923
1738864996559481344,0,1150.34,85.964,4,2.05161
1738864996559481344,0,1414.65,179.467,105,2
1738865023026227712,0,1489.42,341.66,121,2
1738865023026227712,0,1456.58,435.948,129,2
1738864998092818944,0,1397.93,137.935,125,2
1738865018892995072,0,859.461,434.484,139,2
1738865065292745216,0,411.147,1321.21,84,3.25687
1738864996026153472,0,1371.47,137.015,77,2.12977
1738864996026153472,0,1434.16,146.531,101,2
1738865022892907008,0,1476.67,301.247,120,2
1738865022892907008,0,1446.56,394.294,125,2
1738865045959467520,0,1479.74,1237.2,138,2.85299
1738865017226387968,0,255.804,379.12,21,2
1738865023159575296,0,1447.43,383.217,101,2
1738865023159575296,0,1411.02,505.388,113,2
1738865023159575296,0,1499.51,380.269,125,2
1738865023159575296,0,1469.78,464.926,133,2
1738865046359524096,0,1431.44,1038.63,102,2
1738865046626190080,0,1477.94,1095.03,126,2
1738865023226231552,0,1472.6,340.319,97,2.15239
1738865023226231552,0,1470.05,351.928,100,2
1738865023226231552,0,1460.3,393.854,101,2
1738865023226231552,0,1509.01,400.557,128,2
1738865015693081344,0,296.269,286.586,109,2.23053
1738865066359433984,0,412.946,1098.75,25,2.19971
1738864997559495424,0,1465.9,137.251,121,2
1738865022826244864,0,1448.69,336.556,121,2
1738864996692839168,0,1151.08,86.0317,4,2.06646
1738864996692839168,0,1432.02,141.274,101,2
1738864998159480576,0,1365.41,61.7719,97,2.33608
1738864998159480576,0,1336.99,102.159,101,2.11611
1738864998159480576,0,1429.5,87.2636,121,2.03129
1738865065826121472,0,501.503,1449.9,65,5.05923
1738865029226206976,0,272.054,236.694,49,4.23234
1738864996159448832,0,1153.7,95.4842,4,2.18265
1738865052226176768,0,456.909,1235.81,60,4.20342
1738864998226134784,0,1307.71,120.611,105,2
1738864998226134784,0,1364.81,135.824,129,2
1738864998226134784,0,1338.96,166.637,133,2
1738864998226134784,0,1316.08,195.506,137,2
1738865046492874496,0,1477.25,1113.45,132,2.4109
1738865046492874496,0,1497.69,1177.42,136,2.71656
1738865026159566592,0,1357.15,725.14,111,2.13333
1738865022959574784,0,1478.39,346.089,121,2
1738864998892822272,0,1247.98,104.55,109,2
1738864998892822272,0,1303.67,116.072,133,2
1738865024226205440,0,1434.54,504.241,129,2
1738865024226205440,0,1413.92,548.47,133,2
1738865024226205440,0,1394.5,587.882,137,2
1738864998292811520,0,1390.69,90.5394,125,2
1738864998292811520,0,1434.63,106.767,126,2
1738864996826173184,0,1450.77,102.039,97,2.17304
1738864996826173184,0,1413.07,185.153,105,2
1738865046292811520,0,1472.84,1176.25,136,2.78529
1738864997492839680,0,1471.25,139.569,121,2
1738864997226181888,0,1409.88,168.451,101,2.01433
1738865023626228992,0,1456.49,514.702,137,2
1738865016426415360,0,280.168,342.673,61,2.25921
1738864997892818176,0,1412.19,150.73,125,2
1738865072026098944,0,1465.94,1202.59,130,2
1738865023092899072,0,1485.05,384.428,125,2
1738865015359753472,0,288.48,279.35,133,2
1738865071359421696,0,1471.39,1218.9,130,2
1738865051692854528,0,441.012,1187.33,33,3.33388
1738864998626154752,0,1387.31,33.3881,125,2
1738864996292843776,0,1152.33,92.5829,4,2.12371
1738864996292843776,0,1432.51,140.534,101,2
1738865066026088704,0,448.666,1268.64,60,4.13199
1738865065226139904,0,439.742,1238.53,104,2.63397
1738865052026206464,0,395.557,1073.37,25,2.28073
1738864996359514368,0,1152.49,91.4846,4,2.10765
1738864996359514368,0,1433.21,143.329,101,2
1738865065959436544,0,433.471,1279.39,60,3.57944
1738865064892788992,0,457.205,1232.84,128,2.90498
